from,to,type
frame_001563.jpg,frame_001713.jpg,BR
frame_001714.jpg,frame_001715.jpg,BR
frame_001828.jpg,frame_001843.jpg,SC
frame_001969.jpg,frame_001984.jpg,SH
frame_002014.jpg,frame_002029.jpg,SC
frame_002059.jpg,frame_002062.jpg,SH
frame_002134.jpg,frame_002137.jpg,SH
frame_002194.jpg,frame_002197.jpg,SH
frame_002240.jpg,frame_002241.jpg,SH
frame_002284.jpg,frame_002286.jpg,SC
frame_002329.jpg,frame_002333.jpg,SH
frame_002375.jpg,frame_002376.jpg,SC
frame_002465.jpg,frame_002466.jpg,SC
frame_002570.jpg,frame_002571.jpg,SC
frame_002645.jpg,frame_002646.jpg,SH
frame_002734.jpg,frame_002824.jpg,BR
frame_002825.jpg,frame_002826.jpg,BR
frame_002885.jpg,frame_002887.jpg,SH
frame_003021.jpg,frame_003022.jpg,SC
frame_003353.jpg,frame_003355.jpg,BR
frame_003523.jpg,frame_003590.jpg,SH
frame_003591.jpg,frame_003592.jpg,BR
frame_003681.jpg,frame_003683.jpg,SH
frame_003771.jpg,frame_003773.jpg,SC
frame_003919.jpg,frame_003920.jpg,SC
frame_004078.jpg,frame_004083.jpg,SH
frame_004108.jpg,frame_004109.jpg,SC
frame_004192.jpg,frame_004193.jpg,SC
frame_004274.jpg,frame_004275.jpg,SC
frame_004292.jpg,frame_004293.jpg,SH
frame_004312.jpg,frame_004313.jpg,SH
frame_004332.jpg,frame_004333.jpg,SH
frame_004350.jpg,frame_004351.jpg,SC
frame_004433.jpg,frame_004435.jpg,SC
frame_004468.jpg,frame_004470.jpg,SH
frame_004492.jpg,frame_004495.jpg,SC
frame_004509.jpg,frame_004511.jpg,SC
frame_004543.jpg,frame_004545.jpg,BR
frame_004545.jpg,frame_004547.jpg,SC
frame_004591.jpg,frame_004594.jpg,SH
frame_004703.jpg,frame_004704.jpg,SC
frame_004760.jpg,frame_004761.jpg,SC
frame_004846.jpg,frame_004847.jpg,SC
frame_004927.jpg,frame_004929.jpg,SC
frame_005079.jpg,frame_005080.jpg,SC
frame_005091.jpg,frame_005092.jpg,SH
frame_005104.jpg,frame_005105.jpg,SH
frame_005116.jpg,frame_005117.jpg,SH
frame_005129.jpg,frame_005130.jpg,SH
frame_005140.jpg,frame_005142.jpg,SH
frame_005154.jpg,frame_005155.jpg,SH
frame_005168.jpg,frame_005169.jpg,SH
frame_005181.jpg,frame_005182.jpg,SH
frame_005194.jpg,frame_005195.jpg,SH
frame_005205.jpg,frame_005207.jpg,SH
frame_005219.jpg,frame_005220.jpg,SH
frame_005237.jpg,frame_005239.jpg,SC
frame_005421.jpg,frame_005422.jpg,SC
frame_005515.jpg,frame_005517.jpg,SH?
frame_005588.jpg,frame_005590.jpg,SC
frame_005708.jpg,frame_005710.jpg,SC
frame_005783.jpg,frame_005785.jpg,SH
frame_005828.jpg,frame_005830.jpg,SC
frame_005882.jpg,frame_005883.jpg,SC
frame_005903.jpg,frame_005906.jpg,SH
frame_005927.jpg,frame_005929.jpg,SC
frame_005950.jpg,frame_005952.jpg,SC
frame_006020.jpg,frame_006189.jpg,BR
frame_006190.jpg,frame_006191.jpg,BR
frame_006595.jpg,frame_006597.jpg,SH
frame_006969.jpg,frame_006972.jpg,BR
frame_006972.jpg,frame_006974.jpg,BR
frame_006999.jpg,frame_007001.jpg,SH
frame_007022.jpg,frame_007024.jpg,SH
frame_007076.jpg,frame_007077.jpg,SH
frame_007172.jpg,frame_007176.jpg,SC
frame_007217.jpg,frame_007232.jpg,SH
frame_007337.jpg,frame_007352.jpg,SH
frame_007623.jpg,frame_007638.jpg,SH
frame_007743.jpg,frame_007747.jpg,SH
frame_007833.jpg,frame_007848.jpg,SH
frame_007893.jpg,frame_007900.jpg,SH
frame_007998.jpg,frame_008002.jpg,SH
frame_008246.jpg,frame_008257.jpg,SC
frame_008351.jpg,frame_008355.jpg,SH
frame_008574.jpg,frame_008576.jpg,SH
frame_008604.jpg,frame_008607.jpg,SH
frame_008649.jpg,frame_008652.jpg,SC
frame_008859.jpg,frame_008874.jpg,SC
frame_009204.jpg,frame_009219.jpg,SH
frame_009309.jpg,frame_009313.jpg,SH
frame_009399.jpg,frame_009402.jpg,SC
frame_009442.jpg,frame_009444.jpg,SH
frame_009479.jpg,frame_009481.jpg,SH
frame_009516.jpg,frame_009517.jpg,SH
frame_009575.jpg,frame_009579.jpg,SC
frame_009726.jpg,frame_009727.jpg,SH
frame_009905.jpg,frame_009909.jpg,SH
frame_009980.jpg,frame_009984.jpg,SH
frame_010055.jpg,frame_010059.jpg,SH
frame_010115.jpg,frame_010130.jpg,SH
frame_010205.jpg,frame_010209.jpg,SH
frame_010340.jpg,frame_010344.jpg,SH
frame_010460.jpg,frame_010462.jpg,SC
frame_010771.jpg,frame_010786.jpg,SC
frame_010906.jpg,frame_010908.jpg,SH
frame_010931.jpg,frame_010932.jpg,SC
frame_010960.jpg,frame_010964.jpg,SH
frame_010996.jpg,frame_010997.jpg,SH
frame_011175.jpg,frame_011179.jpg,SH
frame_011415.jpg,frame_011417.jpg,SC
frame_011551.jpg,frame_011562.jpg,SC
frame_011641.jpg,frame_011643.jpg,SH
frame_011701.jpg,frame_011705.jpg,SH
frame_011761.jpg,frame_011765.jpg,SH
frame_011926.jpg,frame_011928.jpg,SH
frame_012012.jpg,frame_012014.jpg,SC
frame_012043.jpg,frame_012058.jpg,SC
frame_012195.jpg,frame_012197.jpg,SC
frame_012285.jpg,frame_012286.jpg,SC
frame_012417.jpg,frame_012421.jpg,SH
frame_012689.jpg,frame_012690.jpg,SC
frame_012769.jpg,frame_012771.jpg,SC
frame_012874.jpg,frame_012878.jpg,SC
frame_012964.jpg,frame_012967.jpg,SC
frame_013221.jpg,frame_013222.jpg,SC
frame_013340.jpg,frame_013344.jpg,SC
frame_013461.jpg,frame_013462.jpg,SC
frame_013666.jpg,frame_013669.jpg,SC
frame_013866.jpg,frame_013867.jpg,SC
frame_013955.jpg,frame_013957.jpg,SH
frame_014045.jpg,frame_014047.jpg,SC
frame_014286.jpg,frame_014289.jpg,SH
frame_014436.jpg,frame_014451.jpg,SH
frame_014586.jpg,frame_014590.jpg,SH
frame_014631.jpg,frame_014635.jpg,SH
frame_014796.jpg,frame_014811.jpg,SH
frame_014886.jpg,frame_014890.jpg,SH
frame_014963.jpg,frame_014964.jpg,SH
frame_015037.jpg,frame_015039.jpg,SH
frame_015067.jpg,frame_015070.jpg,SH
frame_015172.jpg,frame_015175.jpg,SH
frame_015262.jpg,frame_015265.jpg,SH
frame_015337.jpg,frame_015340.jpg,SC
frame_015428.jpg,frame_015429.jpg,SH
frame_015520.jpg,frame_015522.jpg,SC
frame_015562.jpg,frame_015570.jpg,SH
frame_015637.jpg,frame_015643.jpg,SH
frame_015698.jpg,frame_015699.jpg,SC
frame_015862.jpg,frame_015865.jpg,SC
frame_015937.jpg,frame_015939.jpg,SH
frame_016086.jpg,frame_016090.jpg,SH
frame_016266.jpg,frame_016281.jpg,SH
frame_016373.jpg,frame_016377.jpg,SH
frame_016523.jpg,frame_016526.jpg,SH
frame_016688.jpg,frame_016692.jpg,SH
frame_016853.jpg,frame_016867.jpg,SH
frame_017019.jpg,frame_017022.jpg,SH
frame_017184.jpg,frame_017188.jpg,SH
frame_017304.jpg,frame_017319.jpg,SH
frame_017410.jpg,frame_017411.jpg,SC
frame_017514.jpg,frame_017517.jpg,SC
frame_017546.jpg,frame_017557.jpg,SH
frame_017579.jpg,frame_017587.jpg,SH
frame_017684.jpg,frame_017687.jpg,SC
frame_017804.jpg,frame_017807.jpg,SH
frame_018045.jpg,frame_018060.jpg,SH
frame_018150.jpg,frame_018165.jpg,SH
frame_018405.jpg,frame_018408.jpg,SH
frame_018615.jpg,frame_018617.jpg,SH
frame_018870.jpg,frame_018885.jpg,SH
frame_019006.jpg,frame_019007.jpg,SH
frame_019337.jpg,frame_019338.jpg,SC
frame_019711.jpg,frame_019715.jpg,SC
frame_019786.jpg,frame_019790.jpg,SC
frame_019846.jpg,frame_019861.jpg,SC
frame_019906.jpg,frame_019910.jpg,SC
frame_019982.jpg,frame_019983.jpg,SH
frame_020016.jpg,frame_020017.jpg,SH
frame_020050.jpg,frame_020051.jpg,SC
frame_020110.jpg,frame_020111.jpg,SH
frame_020139.jpg,frame_020142.jpg,SH
frame_020169.jpg,frame_020173.jpg,SH
frame_020394.jpg,frame_020398.jpg,SH
frame_020439.jpg,frame_020446.jpg,SC
frame_020485.jpg,frame_020488.jpg,SC
frame_020530.jpg,frame_020532.jpg,SC
frame_020561.jpg,frame_020562.jpg,SH
frame_020905.jpg,frame_020908.jpg,SH
frame_021055.jpg,frame_021064.jpg,SH
frame_021235.jpg,frame_021243.jpg,SH
frame_021280.jpg,frame_021284.jpg,SH
frame_021596.jpg,frame_021611.jpg,SH
frame_021641.jpg,frame_021645.jpg,SH
frame_021941.jpg,frame_021945.jpg,SC
frame_022001.jpg,frame_022003.jpg,SH
frame_022047.jpg,frame_022048.jpg,SH
frame_022107.jpg,frame_022108.jpg,SH
frame_022196.jpg,frame_022200.jpg,SH
frame_022316.jpg,frame_022320.jpg,SH
frame_022399.jpg,frame_022403.jpg,SH
frame_022557.jpg,frame_022572.jpg,SH
frame_022752.jpg,frame_022755.jpg,SH
frame_023112.jpg,frame_023116.jpg,SH
frame_023247.jpg,frame_023259.jpg,SH
frame_023377.jpg,frame_023381.jpg,SH
frame_023522.jpg,frame_023526.jpg,SH
frame_023703.jpg,frame_023705.jpg,SH
frame_024198.jpg,frame_024202.jpg,SH
frame_024303.jpg,frame_024307.jpg,SH
frame_024363.jpg,frame_024365.jpg,SH
frame_024423.jpg,frame_024425.jpg,SC
frame_024649.jpg,frame_024661.jpg,SC
frame_024709.jpg,frame_024713.jpg,SC
frame_024761.jpg,frame_024765.jpg,SH
frame_024821.jpg,frame_024825.jpg,SH
frame_024911.jpg,frame_024915.jpg,SH
frame_025107.jpg,frame_025111.jpg,SH
frame_025302.jpg,frame_025305.jpg,SH
frame_025587.jpg,frame_025590.jpg,SH
frame_025632.jpg,frame_025635.jpg,SH
frame_025662.jpg,frame_025665.jpg,SC
frame_025707.jpg,frame_025715.jpg,SC
frame_025797.jpg,frame_025812.jpg,SH
frame_025887.jpg,frame_025891.jpg,SH
frame_026007.jpg,frame_026022.jpg,SH
frame_026173.jpg,frame_026175.jpg,SC
frame_026361.jpg,frame_026363.jpg,SH
frame_026420.jpg,frame_026423.jpg,SC
frame_026495.jpg,frame_026497.jpg,SH
frame_026544.jpg,frame_026545.jpg,SH
frame_026693.jpg,frame_026696.jpg,SC
frame_026878.jpg,frame_026881.jpg,SH
frame_027059.jpg,frame_027061.jpg,SC
frame_027149.jpg,frame_027151.jpg,SH
frame_027300.jpg,frame_027301.jpg,SH
frame_027375.jpg,frame_027376.jpg,SH
frame_027404.jpg,frame_027407.jpg,SH
frame_027525.jpg,frame_027527.jpg,SC
frame_027614.jpg,frame_027618.jpg,SC
frame_027719.jpg,frame_027723.jpg,SH
frame_027809.jpg,frame_027813.jpg,SH
frame_027859.jpg,frame_027860.jpg,SH
frame_028008.jpg,frame_028012.jpg,SC
frame_028170.jpg,frame_028185.jpg,SH
frame_028440.jpg,frame_028442.jpg,SC
frame_028575.jpg,frame_028579.jpg,SC
frame_028665.jpg,frame_028668.jpg,SH
frame_028728.jpg,frame_028730.jpg,SC
frame_028798.jpg,frame_028803.jpg,SH
frame_028888.jpg,frame_028891.jpg,SC
frame_029083.jpg,frame_029087.jpg,SH
frame_029188.jpg,frame_029203.jpg,SC
frame_029278.jpg,frame_029292.jpg,SC
frame_029398.jpg,frame_029402.jpg,SC
frame_029565.jpg,frame_029566.jpg,SC
frame_029729.jpg,frame_029741.jpg,SC
frame_029880.jpg,frame_029882.jpg,SH
frame_029970.jpg,frame_029972.jpg,SH
frame_030059.jpg,frame_030074.jpg,SC
frame_030150.jpg,frame_030152.jpg,SH
frame_030299.jpg,frame_030312.jpg,SH
frame_030405.jpg,frame_030406.jpg,SH
frame_030638.jpg,frame_030640.jpg,SH
frame_030726.jpg,frame_030741.jpg,SH
frame_030846.jpg,frame_030850.jpg,SH
frame_031276.jpg,frame_031291.jpg,BR
frame_031396.jpg,frame_031398.jpg,SC
frame_031591.jpg,frame_031595.jpg,SH
frame_031742.jpg,frame_031745.jpg,SH
frame_031788.jpg,frame_031789.jpg,SH
frame_031922.jpg,frame_031929.jpg,SH
frame_032028.jpg,frame_032029.jpg,SH
frame_032117.jpg,frame_032132.jpg,SH
frame_032267.jpg,frame_032271.jpg,SH
frame_032568.jpg,frame_032571.jpg,SH
frame_032673.jpg,frame_032676.jpg,SH
frame_032778.jpg,frame_032781.jpg,SH
frame_032809.jpg,frame_032810.jpg,SH
frame_032854.jpg,frame_032855.jpg,SC
frame_032913.jpg,frame_032927.jpg,SH
frame_032973.jpg,frame_032988.jpg,SH
frame_033108.jpg,frame_033122.jpg,SH
frame_033213.jpg,frame_033217.jpg,SC
frame_033303.jpg,frame_033307.jpg,SH
frame_033378.jpg,frame_033382.jpg,SH
frame_033559.jpg,frame_033562.jpg,SC
frame_033799.jpg,frame_033801.jpg,SH
frame_033889.jpg,frame_033898.jpg,SC
frame_033949.jpg,frame_033964.jpg,SH
frame_033994.jpg,frame_034009.jpg,SH
frame_034039.jpg,frame_034042.jpg,SH
frame_034144.jpg,frame_034146.jpg,SC
frame_034182.jpg,frame_034197.jpg,SC
frame_034287.jpg,frame_034290.jpg,SC
frame_034537.jpg,frame_034551.jpg,SH
frame_034587.jpg,frame_034591.jpg,SH
frame_034775.jpg,frame_034790.jpg,SC
frame_034850.jpg,frame_034853.jpg,SC
frame_034940.jpg,frame_034942.jpg,SH
frame_035225.jpg,frame_035229.jpg,SH
frame_035436.jpg,frame_035437.jpg,SC
frame_035985.jpg,frame_035986.jpg,SC
frame_036160.jpg,frame_036161.jpg,SC
frame_036310.jpg,frame_036311.jpg,SC
frame_036460.jpg,frame_036461.jpg,SC
frame_036608.jpg,frame_036609.jpg,SC
frame_036667.jpg,frame_036682.jpg,SH
frame_037013.jpg,frame_037014.jpg,SH
frame_037073.jpg,frame_037074.jpg,SH
frame_037133.jpg,frame_037134.jpg,SH
frame_037193.jpg,frame_037194.jpg,SC
frame_037373.jpg,frame_037374.jpg,SC
frame_037492.jpg,frame_037496.jpg,SC
frame_037552.jpg,frame_037556.jpg,SH
frame_037613.jpg,frame_037616.jpg,SH
frame_037673.jpg,frame_037675.jpg,SC
frame_037718.jpg,frame_037721.jpg,SC
frame_037793.jpg,frame_037796.jpg,SC
frame_037883.jpg,frame_037887.jpg,SH
frame_037928.jpg,frame_037931.jpg,SC
frame_038049.jpg,frame_038050.jpg,SH
frame_038123.jpg,frame_038127.jpg,SC
frame_038333.jpg,frame_038348.jpg,SC
frame_038408.jpg,frame_038412.jpg,SC
frame_038543.jpg,frame_038545.jpg,SH
frame_038571.jpg,frame_038576.jpg,SH
frame_038593.jpg,frame_038595.jpg,SH
frame_038623.jpg,frame_038631.jpg,SH
frame_038655.jpg,frame_038656.jpg,SH
frame_038676.jpg,frame_038684.jpg,SH
frame_038707.jpg,frame_038708.jpg,SH
frame_038731.jpg,frame_038738.jpg,SH
frame_038761.jpg,frame_038763.jpg,SH
frame_038851.jpg,frame_038866.jpg,SC
frame_039048.jpg,frame_039049.jpg,SC
frame_039122.jpg,frame_039125.jpg,SH
frame_039287.jpg,frame_039290.jpg,SC
frame_039327.jpg,frame_039329.jpg,SC
frame_039372.jpg,frame_039375.jpg,SC
frame_039432.jpg,frame_039434.jpg,SC
frame_039477.jpg,frame_039479.jpg,SH
frame_039522.jpg,frame_039533.jpg,SC
frame_039717.jpg,frame_039720.jpg,SC
frame_039747.jpg,frame_039750.jpg,SH
frame_039793.jpg,frame_039794.jpg,SC
frame_039853.jpg,frame_039854.jpg,SH
frame_040093.jpg,frame_040095.jpg,SH
frame_040139.jpg,frame_040141.jpg,SC
frame_040229.jpg,frame_040230.jpg,SC
frame_040363.jpg,frame_040367.jpg,SH
frame_040453.jpg,frame_040465.jpg,SC
frame_040522.jpg,frame_040524.jpg,BR
frame_040603.jpg,frame_040610.jpg,SC
frame_040738.jpg,frame_040742.jpg,SC
frame_040828.jpg,frame_040832.jpg,SC
frame_040877.jpg,frame_040880.jpg,SC
frame_040933.jpg,frame_040937.jpg,SH
frame_040993.jpg,frame_040997.jpg,SH
frame_041098.jpg,frame_041101.jpg,SH
frame_041174.jpg,frame_041178.jpg,SH
frame_041340.jpg,frame_041341.jpg,SC
frame_041430.jpg,frame_041431.jpg,SC
frame_041520.jpg,frame_041521.jpg,SC
frame_041594.jpg,frame_041596.jpg,SH
frame_041643.jpg,frame_041644.jpg,SH
frame_041684.jpg,frame_041688.jpg,SC
frame_041729.jpg,frame_041733.jpg,SC
frame_041819.jpg,frame_041823.jpg,SH
frame_041864.jpg,frame_041866.jpg,SC
frame_041939.jpg,frame_041943.jpg,SH
frame_041999.jpg,frame_042001.jpg,SH
frame_042029.jpg,frame_042031.jpg,SC
frame_042151.jpg,frame_042152.jpg,SC
frame_042270.jpg,frame_042274.jpg,SC
frame_042330.jpg,frame_042334.jpg,SC
frame_042420.jpg,frame_042424.jpg,SC
frame_042510.jpg,frame_042512.jpg,SC
frame_042645.jpg,frame_042649.jpg,SH
frame_042675.jpg,frame_042679.jpg,SC
frame_042765.jpg,frame_042769.jpg,SC
frame_042915.jpg,frame_042919.jpg,SH
frame_043021.jpg,frame_043024.jpg,SH
frame_043127.jpg,frame_043128.jpg,SH
frame_043216.jpg,frame_043220.jpg,SH
frame_043291.jpg,frame_043293.jpg,SH
frame_043337.jpg,frame_043338.jpg,SH
frame_043471.jpg,frame_043482.jpg,SH
frame_043531.jpg,frame_043534.jpg,SC
frame_043606.jpg,frame_043609.jpg,SC
frame_043696.jpg,frame_043700.jpg,SC
frame_043734.jpg,frame_043737.jpg,SC
frame_043780.jpg,frame_043781.jpg,SC
frame_043899.jpg,frame_043901.jpg,SC
frame_044034.jpg,frame_044038.jpg,SH
frame_044124.jpg,frame_044128.jpg,SH
frame_044319.jpg,frame_044323.jpg,SH
frame_044469.jpg,frame_044473.jpg,SH
frame_044559.jpg,frame_044563.jpg,SH
frame_044665.jpg,frame_044680.jpg,SH
frame_044725.jpg,frame_044740.jpg,SH
frame_044815.jpg,frame_044817.jpg,SC
frame_044965.jpg,frame_044967.jpg,SC
frame_045015.jpg,frame_045018.jpg,SC
frame_045120.jpg,frame_045123.jpg,SC
frame_045228.jpg,frame_045232.jpg,SC
frame_045349.jpg,frame_045352.jpg,SC
frame_045390.jpg,frame_045398.jpg,SC
frame_045480.jpg,frame_045484.jpg,SC
frame_045540.jpg,frame_045555.jpg,SH
frame_045600.jpg,frame_045605.jpg,SH
frame_045706.jpg,frame_045709.jpg,SH
frame_045766.jpg,frame_045770.jpg,SH
frame_045965.jpg,frame_045980.jpg,SH
frame_046096.jpg,frame_046100.jpg,SH
frame_046171.jpg,frame_046175.jpg,SH
frame_046261.jpg,frame_046268.jpg,SC
frame_046321.jpg,frame_046323.jpg,SC
frame_046442.jpg,frame_046443.jpg,SC
frame_046607.jpg,frame_046622.jpg,SC
frame_046757.jpg,frame_046759.jpg,SH
frame_046847.jpg,frame_046862.jpg,SC
frame_046982.jpg,frame_046989.jpg,SC
frame_047042.jpg,frame_047057.jpg,SC
frame_047237.jpg,frame_047239.jpg,SC
frame_047267.jpg,frame_047282.jpg,SH
frame_047342.jpg,frame_047357.jpg,SC
frame_047447.jpg,frame_047451.jpg,SC
frame_047538.jpg,frame_047540.jpg,SH
frame_047659.jpg,frame_047660.jpg,SC
frame_047838.jpg,frame_047842.jpg,SC
frame_047883.jpg,frame_047885.jpg,SC
frame_047923.jpg,frame_047926.jpg,SC
frame_047968.jpg,frame_047970.jpg,SH
frame_048077.jpg,frame_048091.jpg,SC
frame_048133.jpg,frame_048137.jpg,SC
frame_048179.jpg,frame_048180.jpg,SH
frame_048328.jpg,frame_048332.jpg,SH
frame_048463.jpg,frame_048465.jpg,SC
frame_048839.jpg,frame_048854.jpg,BR
frame_048884.jpg,frame_048899.jpg,SH
frame_049004.jpg,frame_049006.jpg,SC
frame_049049.jpg,frame_049063.jpg,SC
frame_049134.jpg,frame_049146.jpg,SC
frame_049269.jpg,frame_049273.jpg,SH
frame_049330.jpg,frame_049331.jpg,SH
frame_049389.jpg,frame_049394.jpg,SH
frame_049616.jpg,frame_049617.jpg,SH
frame_049840.jpg,frame_049844.jpg,SC
frame_049945.jpg,frame_049949.jpg,SH
frame_050110.jpg,frame_050125.jpg,SH
frame_050305.jpg,frame_050319.jpg,SH
frame_050501.jpg,frame_050502.jpg,SC
frame_050551.jpg,frame_050552.jpg,SC
frame_050636.jpg,frame_050640.jpg,SH
frame_050696.jpg,frame_050699.jpg,SC
frame_050756.jpg,frame_050759.jpg,SH
frame_050816.jpg,frame_050818.jpg,SC
frame_050898.jpg,frame_050902.jpg,SC
frame_050939.jpg,frame_050940.jpg,SC
frame_051013.jpg,frame_051028.jpg,SC
frame_051090.jpg,frame_051091.jpg,SH
frame_051194.jpg,frame_051209.jpg,SC
frame_051300.jpg,frame_051303.jpg,SH
frame_051329.jpg,frame_051332.jpg,SH
frame_051374.jpg,frame_051377.jpg,SC
frame_051464.jpg,frame_051468.jpg,SH
frame_051525.jpg,frame_051526.jpg,SC
frame_051614.jpg,frame_051618.jpg,SC
frame_051652.jpg,frame_051654.jpg,SH
frame_051697.jpg,frame_051700.jpg,SH
frame_051787.jpg,frame_051790.jpg,SH
frame_052012.jpg,frame_052019.jpg,SC
frame_052057.jpg,frame_052072.jpg,SC
frame_052117.jpg,frame_052121.jpg,SC
frame_052222.jpg,frame_052224.jpg,SC
frame_052312.jpg,frame_052316.jpg,SC
frame_052552.jpg,frame_052556.jpg,SC
frame_052597.jpg,frame_052599.jpg,SH
frame_052643.jpg,frame_052645.jpg,SH
frame_052703.jpg,frame_052718.jpg,SC
frame_052838.jpg,frame_052845.jpg,SH
frame_052883.jpg,frame_052895.jpg,SC
frame_052943.jpg,frame_052950.jpg,SC
frame_053019.jpg,frame_053020.jpg,SC
frame_053047.jpg,frame_053050.jpg,SC
frame_053108.jpg,frame_053109.jpg,SC
frame_053153.jpg,frame_053155.jpg,SC
frame_053177.jpg,frame_053179.jpg,SC
frame_053207.jpg,frame_053211.jpg,SC
frame_053298.jpg,frame_053299.jpg,SC
frame_053417.jpg,frame_053420.jpg,SC
frame_053462.jpg,frame_053470.jpg,SC
frame_053506.jpg,frame_053508.jpg,SC
frame_053565.jpg,frame_053569.jpg,SC
frame_053640.jpg,frame_053648.jpg,SC
frame_053729.jpg,frame_053730.jpg,SC
frame_053764.jpg,frame_053765.jpg,SC
frame_053808.jpg,frame_053810.jpg,SC
frame_054034.jpg,frame_054035.jpg,SC
frame_054261.jpg,frame_054263.jpg,SC
frame_054306.jpg,frame_054309.jpg,SC
frame_054351.jpg,frame_054354.jpg,SC
frame_054403.jpg,frame_054407.jpg,SC
frame_054456.jpg,frame_054458.jpg,SC
frame_054516.jpg,frame_054518.jpg,SC
frame_054576.jpg,frame_054580.jpg,SC
frame_054616.jpg,frame_054620.jpg,SC
frame_054662.jpg,frame_054664.jpg,SC
frame_054707.jpg,frame_054708.jpg,SH
frame_054862.jpg,frame_054863.jpg,SC
frame_054936.jpg,frame_054940.jpg,SC
frame_055011.jpg,frame_055015.jpg,SC
frame_055101.jpg,frame_055106.jpg,SC
frame_055192.jpg,frame_055196.jpg,SC
frame_055248.jpg,frame_055249.jpg,SH
frame_055322.jpg,frame_055324.jpg,SC
frame_055377.jpg,frame_055392.jpg,SH
frame_055467.jpg,frame_055470.jpg,SC
frame_055512.jpg,frame_055527.jpg,SH
frame_055572.jpg,frame_055576.jpg,SC
frame_055647.jpg,frame_055650.jpg,SC
frame_055692.jpg,frame_055695.jpg,SC
frame_055738.jpg,frame_055739.jpg,SC
frame_055837.jpg,frame_055839.jpg,SH
frame_055930.jpg,frame_055931.jpg,SH
frame_056031.jpg,frame_056033.jpg,SC
frame_056090.jpg,frame_056105.jpg,SC
frame_056136.jpg,frame_056140.jpg,SC
frame_056283.jpg,frame_056290.jpg,SC
frame_056328.jpg,frame_056343.jpg,SC
frame_056374.jpg,frame_056376.jpg,SH
frame_056456.jpg,frame_056459.jpg,SC
frame_056495.jpg,frame_056499.jpg,SC
frame_056533.jpg,frame_056535.jpg,SC
frame_056560.jpg,frame_056564.jpg,SC
frame_056591.jpg,frame_056595.jpg,SC
frame_056629.jpg,frame_056630.jpg,SC
frame_056667.jpg,frame_056668.jpg,SC
frame_056697.jpg,frame_056698.jpg,SH
frame_056742.jpg,frame_056743.jpg,SH
frame_056787.jpg,frame_056788.jpg,SH
frame_056847.jpg,frame_056848.jpg,SC
frame_056931.jpg,frame_056935.jpg,SC
frame_056991.jpg,frame_057002.jpg,SC
frame_057031.jpg,frame_057035.jpg,SC
frame_057036.jpg,frame_057037.jpg,BR
frame_057061.jpg,frame_057062.jpg,BR
frame_057086.jpg,frame_057087.jpg,BR
frame_057094.jpg,frame_057096.jpg,BR
frame_057115.jpg,frame_057117.jpg,BR
frame_057139.jpg,frame_057142.jpg,SC
frame_057191.jpg,frame_057193.jpg,SC
frame_057224.jpg,frame_057228.jpg,SC
frame_057269.jpg,frame_057272.jpg,SC
frame_057311.jpg,frame_057315.jpg,SC
frame_057356.jpg,frame_057359.jpg,SC
frame_057442.jpg,frame_057443.jpg,SC
frame_057615.jpg,frame_057616.jpg,SC
frame_057783.jpg,frame_057785.jpg,SC
frame_057828.jpg,frame_057831.jpg,SH
frame_057933.jpg,frame_057936.jpg,SC
frame_058038.jpg,frame_058053.jpg,SC
frame_058122.jpg,frame_058124.jpg,SC
frame_058186.jpg,frame_058187.jpg,SC
frame_058230.jpg,frame_058234.jpg,SC
frame_058290.jpg,frame_058294.jpg,SH
frame_058335.jpg,frame_058350.jpg,SH
frame_058395.jpg,frame_058410.jpg,SC
frame_058500.jpg,frame_058515.jpg,SC
frame_058575.jpg,frame_058577.jpg,SC
frame_058613.jpg,frame_058615.jpg,SC
frame_058647.jpg,frame_058648.jpg,SC
frame_058668.jpg,frame_058670.jpg,SH
frame_058730.jpg,frame_058731.jpg,SC
frame_058809.jpg,frame_058958.jpg,BR
frame_058958.jpg,frame_058973.jpg,BR
frame_059108.jpg,frame_059116.jpg,SH
frame_059318.jpg,frame_059322.jpg,SH
frame_059468.jpg,frame_059471.jpg,SC
frame_059514.jpg,frame_059516.jpg,SH
frame_059633.jpg,frame_059636.jpg,SH
frame_059664.jpg,frame_059667.jpg,SH
frame_059709.jpg,frame_059712.jpg,SC
frame_059844.jpg,frame_059859.jpg,SC
frame_059979.jpg,frame_059982.jpg,SH
frame_060159.jpg,frame_060163.jpg,SH
frame_060324.jpg,frame_060327.jpg,SC
frame_060450.jpg,frame_060451.jpg,SC
frame_060691.jpg,frame_060692.jpg,SH
frame_060792.jpg,frame_060794.jpg,SH
frame_060881.jpg,frame_060882.jpg,SH
frame_060986.jpg,frame_060987.jpg,SH
frame_061090.jpg,frame_061094.jpg,SH
frame_061406.jpg,frame_061408.jpg,SC
frame_061587.jpg,frame_061588.jpg,SC
frame_061662.jpg,frame_061663.jpg,SH
frame_061857.jpg,frame_061858.jpg,SH
frame_062037.jpg,frame_062038.jpg,SH
frame_062157.jpg,frame_062158.jpg,SC
frame_062412.jpg,frame_062413.jpg,SH
frame_062629.jpg,frame_062630.jpg,SC
frame_062818.jpg,frame_062819.jpg,SC
frame_062893.jpg,frame_062897.jpg,SC
frame_062927.jpg,frame_062930.jpg,SC
frame_062959.jpg,frame_062962.jpg,SC
frame_063019.jpg,frame_063023.jpg,SC
frame_063065.jpg,frame_063068.jpg,SC
frame_063124.jpg,frame_063126.jpg,SC
frame_063169.jpg,frame_063171.jpg,SH
frame_063260.jpg,frame_063263.jpg,SC
frame_063320.jpg,frame_063335.jpg,SC
frame_063425.jpg,frame_063428.jpg,SC
frame_063575.jpg,frame_063590.jpg,SC
frame_063838.jpg,frame_063845.jpg,SC
frame_063919.jpg,frame_063920.jpg,SC
frame_064143.jpg,frame_064146.jpg,SC
frame_064217.jpg,frame_064219.jpg,SH
frame_064299.jpg,frame_064301.jpg,SH
frame_064419.jpg,frame_064421.jpg,SC
frame_064557.jpg,frame_064558.jpg,SH
frame_064901.jpg,frame_064902.jpg,SC
frame_065050.jpg,frame_065053.jpg,SH
frame_065140.jpg,frame_065143.jpg,SH
frame_065215.jpg,frame_065217.jpg,SH
frame_065393.jpg,frame_065394.jpg,SH
frame_065543.jpg,frame_065544.jpg,SH
frame_065617.jpg,frame_065621.jpg,SH
frame_065693.jpg,frame_065694.jpg,SC
frame_065932.jpg,frame_065936.jpg,SC
frame_066068.jpg,frame_066072.jpg,SC
frame_066174.jpg,frame_066175.jpg,SC
frame_066278.jpg,frame_066289.jpg,SH
frame_066414.jpg,frame_066415.jpg,SC
frame_066451.jpg,frame_066452.jpg,SC
frame_066602.jpg,frame_066603.jpg,SH
frame_066707.jpg,frame_066708.jpg,SH
frame_066767.jpg,frame_066768.jpg,SC
frame_067037.jpg,frame_067038.jpg,SC
frame_067141.jpg,frame_067143.jpg,SH
frame_067247.jpg,frame_067249.jpg,SH
frame_067306.jpg,frame_067321.jpg,SC
frame_067412.jpg,frame_067413.jpg,SC
frame_067427.jpg,frame_067428.jpg,SH
frame_067622.jpg,frame_067637.jpg,SH
frame_067892.jpg,frame_067907.jpg,SC
frame_067967.jpg,frame_067982.jpg,SC
frame_068117.jpg,frame_068121.jpg,SH
frame_068192.jpg,frame_068196.jpg,SH
frame_068267.jpg,frame_068270.jpg,SC
frame_068372.jpg,frame_068375.jpg,SC
frame_068433.jpg,frame_068435.jpg,SC
frame_068569.jpg,frame_068570.jpg,SC
frame_068658.jpg,frame_068673.jpg,SC
frame_068733.jpg,frame_068736.jpg,SH
frame_068823.jpg,frame_068825.jpg,SC
frame_068928.jpg,frame_068932.jpg,SC
frame_069078.jpg,frame_069082.jpg,SC
frame_069258.jpg,frame_069261.jpg,SH
frame_069401.jpg,frame_069403.jpg,SH
frame_069536.jpg,frame_069551.jpg,SH
frame_069709.jpg,frame_069711.jpg,SH
frame_069919.jpg,frame_069923.jpg,SC
frame_070234.jpg,frame_070242.jpg,SH
frame_070310.jpg,frame_070312.jpg,SC
frame_070414.jpg,frame_070417.jpg,SC
frame_070474.jpg,frame_070476.jpg,SH
frame_070549.jpg,frame_070551.jpg,SC
frame_070640.jpg,frame_070642.jpg,SH
frame_070730.jpg,frame_070734.jpg,SC
frame_070805.jpg,frame_070808.jpg,SC
frame_070895.jpg,frame_070910.jpg,SH
frame_070970.jpg,frame_070981.jpg,SH
frame_071075.jpg,frame_071083.jpg,SH
frame_071150.jpg,frame_071154.jpg,SC
frame_071233.jpg,frame_071237.jpg,SC
frame_071308.jpg,frame_071312.jpg,SH
frame_071353.jpg,frame_071357.jpg,SC
frame_071413.jpg,frame_071416.jpg,SC
frame_071458.jpg,frame_071460.jpg,SC
frame_071578.jpg,frame_071586.jpg,SC
frame_071653.jpg,frame_071668.jpg,SC
frame_071773.jpg,frame_071777.jpg,SH
frame_071923.jpg,frame_071927.jpg,SH
frame_072090.jpg,frame_072091.jpg,SH
frame_072225.jpg,frame_072226.jpg,SH
frame_072314.jpg,frame_072329.jpg,SH
frame_072389.jpg,frame_072404.jpg,SH
frame_072509.jpg,frame_072512.jpg,SH
frame_072554.jpg,frame_072558.jpg,SH
frame_072794.jpg,frame_072797.jpg,SC
frame_072944.jpg,frame_072948.jpg,SH
frame_073260.jpg,frame_073264.jpg,SC
frame_073575.jpg,frame_073579.jpg,SH
frame_073740.jpg,frame_073748.jpg,SH
frame_073920.jpg,frame_073923.jpg,SH
frame_074055.jpg,frame_074059.jpg,SH
frame_074085.jpg,frame_074089.jpg,SH
frame_074134.jpg,frame_074138.jpg,SH
frame_074254.jpg,frame_074266.jpg,SC
frame_074303.jpg,frame_074306.jpg,SC
frame_074364.jpg,frame_074366.jpg,SC
frame_074423.jpg,frame_074438.jpg,SC
frame_074604.jpg,frame_074619.jpg,SC
frame_074739.jpg,frame_074754.jpg,SC
frame_074964.jpg,frame_074979.jpg,SC
frame_075099.jpg,frame_075114.jpg,SC
frame_075204.jpg,frame_075219.jpg,SH
frame_075534.jpg,frame_075542.jpg,SC
frame_075700.jpg,frame_075715.jpg,SC
frame_075820.jpg,frame_075822.jpg,SH
frame_076091.jpg,frame_076092.jpg,SC
frame_076345.jpg,frame_076348.jpg,SC
frame_076436.jpg,frame_076437.jpg,SH
frame_076570.jpg,frame_076572.jpg,SC
frame_076711.jpg,frame_076714.jpg,SH
frame_077072.jpg,frame_077073.jpg,SH
frame_077206.jpg,frame_077210.jpg,SH
frame_077395.jpg,frame_077396.jpg,SC
frame_077658.jpg,frame_077659.jpg,SH
frame_077823.jpg,frame_077824.jpg,SH
frame_077928.jpg,frame_077929.jpg,SH
frame_078032.jpg,frame_078036.jpg,SH
frame_078093.jpg,frame_078095.jpg,SC
frame_078182.jpg,frame_078186.jpg,SC
frame_078273.jpg,frame_078276.jpg,SC
frame_078632.jpg,frame_078636.jpg,SH
frame_078724.jpg,frame_078725.jpg,SH
frame_078760.jpg,frame_078762.jpg,SC
frame_078881.jpg,frame_078883.jpg,SH
frame_079031.jpg,frame_079033.jpg,SC
frame_079121.jpg,frame_079316.jpg,BR
frame_079316.jpg,frame_079331.jpg,BR
frame_079451.jpg,frame_079466.jpg,SH
frame_079751.jpg,frame_079754.jpg,SC
frame_079931.jpg,frame_079936.jpg,SC
frame_080112.jpg,frame_080114.jpg,SC
frame_080233.jpg,frame_080234.jpg,SH
frame_080308.jpg,frame_080310.jpg,SC
frame_080405.jpg,frame_080407.jpg,SC
frame_080465.jpg,frame_080466.jpg,SC
frame_080549.jpg,frame_080564.jpg,SC
frame_080645.jpg,frame_080651.jpg,SH
frame_080706.jpg,frame_080707.jpg,SC
frame_080757.jpg,frame_080760.jpg,SC
frame_080811.jpg,frame_080812.jpg,BR
frame_080815.jpg,frame_080817.jpg,BR
frame_080842.jpg,frame_080843.jpg,SC
frame_080976.jpg,frame_080978.jpg,SC
frame_081036.jpg,frame_081037.jpg,SC
frame_081125.jpg,frame_081129.jpg,SC
frame_081171.jpg,frame_081173.jpg,SC
frame_081240.jpg,frame_081248.jpg,SC
frame_081316.jpg,frame_081317.jpg,SC
frame_081438.jpg,frame_081442.jpg,SC
frame_081498.jpg,frame_081500.jpg,SC
frame_081589.jpg,frame_081590.jpg,SC
frame_081664.jpg,frame_081665.jpg,SC
frame_081753.jpg,frame_081757.jpg,SC
frame_081798.jpg,frame_081813.jpg,SC
frame_081843.jpg,frame_081847.jpg,SC
frame_081903.jpg,frame_081905.jpg,SC
frame_081978.jpg,frame_081980.jpg,SC
frame_082031.jpg,frame_082034.jpg,SC
frame_082107.jpg,frame_082108.jpg,SH
frame_082257.jpg,frame_082258.jpg,SC
frame_082456.jpg,frame_082460.jpg,SC
frame_082622.jpg,frame_082637.jpg,SC
frame_082892.jpg,frame_082896.jpg,SH
frame_082937.jpg,frame_082941.jpg,SH
frame_082997.jpg,frame_082999.jpg,SH
frame_083057.jpg,frame_083060.jpg,SC
frame_083163.jpg,frame_083165.jpg,SC
frame_083222.jpg,frame_083224.jpg,SC
frame_083297.jpg,frame_083301.jpg,SC
frame_083387.jpg,frame_083391.jpg,SC
frame_083447.jpg,frame_083452.jpg,SC
frame_083582.jpg,frame_083585.jpg,SC
frame_083673.jpg,frame_083684.jpg,SC
frame_083731.jpg,frame_083733.jpg,BR
frame_083734.jpg,frame_083736.jpg,BR
frame_083824.jpg,frame_083826.jpg,SC
frame_083989.jpg,frame_083990.jpg,SC
frame_084026.jpg,frame_084028.jpg,SC
frame_084086.jpg,frame_084088.jpg,SH
frame_084462.jpg,frame_084463.jpg,SH
frame_084657.jpg,frame_084658.jpg,SH
frame_084761.jpg,frame_084763.jpg,SC
frame_084971.jpg,frame_084974.jpg,SC
frame_085107.jpg,frame_085111.jpg,SC
frame_085204.jpg,frame_085208.jpg,SC
frame_085294.jpg,frame_085296.jpg,SC
frame_085399.jpg,frame_085403.jpg,SH
frame_085459.jpg,frame_085462.jpg,SC
frame_085595.jpg,frame_085598.jpg,SH
frame_085686.jpg,frame_085687.jpg,SC
frame_085820.jpg,frame_085835.jpg,SC
frame_085880.jpg,frame_085882.jpg,SH
frame_086075.jpg,frame_086083.jpg,SC
frame_086135.jpg,frame_086150.jpg,SH
frame_086195.jpg,frame_086203.jpg,SC
frame_086286.jpg,frame_086288.jpg,SC
frame_086331.jpg,frame_086332.jpg,SC
frame_086420.jpg,frame_086424.jpg,SC
frame_086465.jpg,frame_086469.jpg,SH
frame_086556.jpg,frame_086560.jpg,SC
frame_086616.jpg,frame_086631.jpg,SC
frame_086661.jpg,frame_086672.jpg,SH
frame_086721.jpg,frame_086725.jpg,SC
frame_086763.jpg,frame_086766.jpg,SC
frame_086866.jpg,frame_086868.jpg,SC
frame_086946.jpg,frame_086950.jpg,SC
frame_087096.jpg,frame_087100.jpg,SH
frame_087261.jpg,frame_087264.jpg,SC
frame_087441.jpg,frame_087456.jpg,SC
frame_087592.jpg,frame_087595.jpg,SC
frame_087668.jpg,frame_087671.jpg,SC
frame_087903.jpg,frame_087907.jpg,SH
frame_088143.jpg,frame_088147.jpg,SH
frame_088218.jpg,frame_088222.jpg,SH
frame_088398.jpg,frame_088402.jpg,SH
frame_088503.jpg,frame_088518.jpg,SC
frame_088548.jpg,frame_088563.jpg,SC
frame_088715.jpg,frame_088716.jpg,SH
frame_088849.jpg,frame_088853.jpg,SH
frame_088999.jpg,frame_089002.jpg,SH
frame_089059.jpg,frame_089074.jpg,SH
frame_089172.jpg,frame_089187.jpg,SH
frame_089308.jpg,frame_089309.jpg,SC
frame_089382.jpg,frame_089397.jpg,SC
frame_089473.jpg,frame_089474.jpg,SH
frame_089562.jpg,frame_089564.jpg,SC
frame_089683.jpg,frame_089684.jpg,SC
frame_089772.jpg,frame_089776.jpg,SC
frame_089998.jpg,frame_089999.jpg,SC
frame_090223.jpg,frame_090225.jpg,SC
frame_090283.jpg,frame_090290.jpg,SH
frame_090344.jpg,frame_090345.jpg,SH
frame_090434.jpg,frame_090435.jpg,SC
frame_090748.jpg,frame_090752.jpg,SC
frame_090988.jpg,frame_091003.jpg,SH
frame_091123.jpg,frame_091128.jpg,SH
frame_091169.jpg,frame_091184.jpg,SH
frame_091274.jpg,frame_091278.jpg,SC
frame_091364.jpg,frame_091366.jpg,SC
frame_091499.jpg,frame_091514.jpg,SH
frame_091634.jpg,frame_091636.jpg,BR
frame_091679.jpg,frame_091681.jpg,SC
frame_091799.jpg,frame_091802.jpg,SH
frame_091836.jpg,frame_091838.jpg,SH
frame_091870.jpg,frame_091872.jpg,SH
frame_091974.jpg,frame_091976.jpg,SH
frame_092049.jpg,frame_092051.jpg,SH
frame_092079.jpg,frame_092081.jpg,SC
frame_092216.jpg,frame_092217.jpg,SC
frame_092336.jpg,frame_092337.jpg,SC
frame_092471.jpg,frame_092472.jpg,SC
frame_092546.jpg,frame_092547.jpg,SH
frame_092650.jpg,frame_092652.jpg,SC
frame_093056.jpg,frame_093071.jpg,SC
frame_093100.jpg,frame_093103.jpg,SC
frame_093153.jpg,frame_093156.jpg,SH
frame_093205.jpg,frame_093220.jpg,SH
frame_093326.jpg,frame_093341.jpg,SC
frame_093401.jpg,frame_093406.jpg,SC
frame_093491.jpg,frame_093506.jpg,SC
frame_093566.jpg,frame_093581.jpg,SH
frame_093626.jpg,frame_093629.jpg,SC
frame_093791.jpg,frame_093806.jpg,SC
frame_093851.jpg,frame_093855.jpg,SC
frame_093911.jpg,frame_093913.jpg,SH
frame_094016.jpg,frame_094020.jpg,SC
frame_094078.jpg,frame_094079.jpg,SC
frame_094167.jpg,frame_094169.jpg,SH
frame_094189.jpg,frame_094193.jpg,SH
frame_094212.jpg,frame_094215.jpg,SH
frame_094243.jpg,frame_094244.jpg,SH
frame_094407.jpg,frame_094410.jpg,SC
frame_094482.jpg,frame_094489.jpg,SC
frame_094543.jpg,frame_094544.jpg,SC
frame_094588.jpg,frame_094589.jpg,SC
frame_094722.jpg,frame_094729.jpg,SC
frame_094932.jpg,frame_094947.jpg,SH
frame_095084.jpg,frame_095085.jpg,SH
frame_095263.jpg,frame_095278.jpg,SH
frame_095443.jpg,frame_095458.jpg,SC
frame_095608.jpg,frame_095610.jpg,SC
frame_095698.jpg,frame_095713.jpg,SH
frame_095788.jpg,frame_095790.jpg,SH
frame_096029.jpg,frame_096040.jpg,SC
frame_096103.jpg,frame_096108.jpg,SC
frame_096299.jpg,frame_096302.jpg,SC
frame_096329.jpg,frame_096332.jpg,SC
frame_096371.jpg,frame_096379.jpg,SC
frame_096552.jpg,frame_096555.jpg,SH
frame_096717.jpg,frame_096720.jpg,SH
frame_096762.jpg,frame_096765.jpg,SH
frame_096916.jpg,frame_096920.jpg,SH
frame_097126.jpg,frame_097141.jpg,SH
frame_097276.jpg,frame_097280.jpg,SH
frame_097426.jpg,frame_097433.jpg,SH
frame_097665.jpg,frame_097669.jpg,SH
frame_097710.jpg,frame_097725.jpg,SC
frame_097860.jpg,frame_097864.jpg,SH
frame_097935.jpg,frame_097937.jpg,SC
frame_098025.jpg,frame_098040.jpg,SC
frame_098252.jpg,frame_098253.jpg,SH
frame_098791.jpg,frame_098795.jpg,SH
frame_099016.jpg,frame_099031.jpg,SC
frame_099136.jpg,frame_099140.jpg,SC
frame_099257.jpg,frame_099260.jpg,SH
frame_099437.jpg,frame_099441.jpg,SH
frame_099602.jpg,frame_099617.jpg,SC
frame_099737.jpg,frame_099752.jpg,SC
frame_099842.jpg,frame_099846.jpg,SH
frame_100083.jpg,frame_100098.jpg,SH
frame_100263.jpg,frame_100266.jpg,SC
frame_100323.jpg,frame_100338.jpg,SC
frame_100413.jpg,frame_100428.jpg,SH
frame_100594.jpg,frame_100595.jpg,SH
frame_100953.jpg,frame_100968.jpg,SH
frame_101209.jpg,frame_101213.jpg,SC
frame_101254.jpg,frame_101269.jpg,SC
frame_101330.jpg,frame_101331.jpg,SC
frame_101419.jpg,frame_101421.jpg,SC
frame_101510.jpg,frame_101511.jpg,SC
frame_101599.jpg,frame_101614.jpg,SH
frame_101689.jpg,frame_101704.jpg,SC
frame_101974.jpg,frame_101976.jpg,SH
frame_102170.jpg,frame_102185.jpg,SH
frame_102207.jpg,frame_102222.jpg,SC
frame_102417.jpg,frame_102432.jpg,SC
frame_102628.jpg,frame_102643.jpg,SC
frame_102778.jpg,frame_102789.jpg,SC
frame_102929.jpg,frame_102930.jpg,SC
frame_103019.jpg,frame_103020.jpg,SC
frame_103154.jpg,frame_103157.jpg,SC
frame_103244.jpg,frame_103245.jpg,SC
frame_103378.jpg,frame_103380.jpg,SC
frame_103649.jpg,frame_103652.jpg,SC
frame_103694.jpg,frame_103701.jpg,SH
frame_103784.jpg,frame_103787.jpg,SH
frame_103844.jpg,frame_103846.jpg,SC
frame_103964.jpg,frame_103968.jpg,SC
frame_104085.jpg,frame_104086.jpg,SC
frame_104204.jpg,frame_104216.jpg,SH
frame_104295.jpg,frame_104296.jpg,SC
frame_104340.jpg,frame_104341.jpg,SH
frame_104430.jpg,frame_104431.jpg,SC
frame_104520.jpg,frame_104521.jpg,SC
frame_104641.jpg,frame_104643.jpg,SC
frame_104656.jpg,frame_104657.jpg,BR
frame_104745.jpg,frame_104748.jpg,SH
frame_104917.jpg,frame_104921.jpg,SH
frame_105046.jpg,frame_105047.jpg,SC
frame_105136.jpg,frame_105137.jpg,SH
frame_105225.jpg,frame_105227.jpg,SC
frame_105316.jpg,frame_105317.jpg,SC
frame_105391.jpg,frame_105392.jpg,SH
frame_105614.jpg,frame_105615.jpg,SH
frame_105794.jpg,frame_105795.jpg,SH
frame_105884.jpg,frame_105885.jpg,SH
frame_106335.jpg,frame_106336.jpg,SC
frame_106635.jpg,frame_106636.jpg,SC
frame_106785.jpg,frame_106786.jpg,SH
frame_106979.jpg,frame_106981.jpg,SH
frame_107311.jpg,frame_107312.jpg,SC
frame_107416.jpg,frame_107417.jpg,SC
frame_107520.jpg,frame_107523.jpg,SH
frame_107700.jpg,frame_107715.jpg,SH
frame_107910.jpg,frame_107914.jpg,SH
frame_108181.jpg,frame_108196.jpg,SH
frame_108331.jpg,frame_108334.jpg,SH
frame_108529.jpg,frame_108532.jpg,SH
frame_108604.jpg,frame_108611.jpg,SH
frame_108799.jpg,frame_108814.jpg,SH
frame_108964.jpg,frame_108979.jpg,SH
frame_109204.jpg,frame_109208.jpg,SH
frame_109444.jpg,frame_109446.jpg,SH
frame_109474.jpg,frame_109476.jpg,SH
frame_109498.jpg,frame_109499.jpg,SH
frame_109532.jpg,frame_109533.jpg,SH
frame_109568.jpg,frame_109571.jpg,SH
frame_109617.jpg,frame_109618.jpg,SH
frame_109680.jpg,frame_109681.jpg,SH
frame_109829.jpg,frame_109832.jpg,SH
frame_109870.jpg,frame_109871.jpg,SH
frame_110210.jpg,frame_110212.jpg,BR
frame_110213.jpg,frame_110214.jpg,BR
frame_110218.jpg,frame_110219.jpg,BR
frame_110234.jpg,frame_110235.jpg,BR
frame_110378.jpg,frame_110380.jpg,BR
frame_110976.jpg,frame_110977.jpg,BR
frame_110978.jpg,frame_110979.jpg,BR
frame_110982.jpg,frame_110983.jpg,BR
frame_111294.jpg,frame_111296.jpg,BR
frame_111297.jpg,frame_111298.jpg,BR
frame_111545.jpg,frame_111547.jpg,BR
frame_111669.jpg,frame_111670.jpg,SC
frame_111704.jpg,frame_111706.jpg,SC
frame_111829.jpg,frame_111831.jpg,SC
frame_111885.jpg,frame_111886.jpg,SC
frame_111924.jpg,frame_111926.jpg,SC
frame_112003.jpg,frame_112004.jpg,SC
frame_112118.jpg,frame_112120.jpg,SC
frame_112121.jpg,frame_112122.jpg,SC
frame_112216.jpg,frame_112217.jpg,SC
frame_112272.jpg,frame_112273.jpg,SH
frame_112365.jpg,frame_112366.jpg,SC
frame_112431.jpg,frame_112432.jpg,SC
frame_112476.jpg,frame_112477.jpg,SC
frame_113076.jpg,frame_113077.jpg,SC
frame_113116.jpg,frame_113117.jpg,SC
frame_113153.jpg,frame_113155.jpg,SC
frame_113187.jpg,frame_113188.jpg,SH
frame_113232.jpg,frame_113233.jpg,SC
frame_113293.jpg,frame_113295.jpg,SC
frame_113378.jpg,frame_113380.jpg,SH
frame_113448.jpg,frame_113449.jpg,SC
frame_113526.jpg,frame_113528.jpg,SC
frame_113636.jpg,frame_113637.jpg,SC
frame_113637.jpg,frame_113638.jpg,SC
frame_113725.jpg,frame_113726.jpg,SC
frame_113770.jpg,frame_113771.jpg,SC
frame_113829.jpg,frame_113830.jpg,SC
frame_113944.jpg,frame_113945.jpg,SH
frame_114004.jpg,frame_114005.jpg,SH
frame_114094.jpg,frame_114096.jpg,SC
frame_114232.jpg,frame_114233.jpg,SC
frame_114277.jpg,frame_114278.jpg,SH
frame_114361.jpg,frame_114363.jpg,SH
frame_114372.jpg,frame_114373.jpg,BR
frame_114465.jpg,frame_114466.jpg,SH
frame_114522.jpg,frame_114671.jpg,BR
frame_114671.jpg,frame_114675.jpg,BR
frame_114701.jpg,frame_114716.jpg,SH
frame_114831.jpg,frame_114834.jpg,SH
frame_114951.jpg,frame_114955.jpg,SH
frame_115327.jpg,frame_115329.jpg,SH
frame_115372.jpg,frame_115375.jpg,SH
frame_115522.jpg,frame_115525.jpg,SH
frame_115597.jpg,frame_115601.jpg,SH
frame_115717.jpg,frame_115720.jpg,SH
frame_115772.jpg,frame_115776.jpg,SH
frame_115862.jpg,frame_115866.jpg,SC
frame_115997.jpg,frame_116001.jpg,SC
frame_116243.jpg,frame_116258.jpg,SC
frame_116363.jpg,frame_116378.jpg,SH
frame_116558.jpg,frame_116562.jpg,SH
frame_116678.jpg,frame_116682.jpg,SH
frame_116843.jpg,frame_116847.jpg,SH
frame_116933.jpg,frame_116944.jpg,SH
frame_117189.jpg,frame_117191.jpg,SH
frame_117279.jpg,frame_117282.jpg,SH
frame_117384.jpg,frame_117387.jpg,SH
frame_117489.jpg,frame_117504.jpg,SH
frame_117954.jpg,frame_117958.jpg,SH
frame_118014.jpg,frame_118018.jpg,SH
frame_118097.jpg,frame_118098.jpg,SH
frame_118285.jpg,frame_118289.jpg,SH
frame_118390.jpg,frame_118405.jpg,SH
frame_118481.jpg,frame_118483.jpg,BR
frame_118486.jpg,frame_118488.jpg,BR
frame_118511.jpg,frame_118512.jpg,SC
frame_118556.jpg,frame_118557.jpg,SH
frame_118736.jpg,frame_118738.jpg,SH
frame_118915.jpg,frame_118930.jpg,SC
frame_119035.jpg,frame_119039.jpg,SC
frame_119110.jpg,frame_119114.jpg,SH
frame_119308.jpg,frame_119312.jpg,SH
frame_119443.jpg,frame_119447.jpg,SH
frame_119488.jpg,frame_119491.jpg,SH
frame_119542.jpg,frame_119543.jpg,SC
frame_119611.jpg,frame_119615.jpg,SH
frame_119849.jpg,frame_119853.jpg,SH
frame_119924.jpg,frame_119939.jpg,SC
frame_119999.jpg,frame_120014.jpg,SH
frame_120044.jpg,frame_120047.jpg,SC
frame_120149.jpg,frame_120164.jpg,SH
frame_120359.jpg,frame_120363.jpg,SH
frame_120554.jpg,frame_120569.jpg,SC
frame_120629.jpg,frame_120632.jpg,SH
frame_120723.jpg,frame_120728.jpg,SH
frame_120766.jpg,frame_120767.jpg,SH
frame_120825.jpg,frame_120829.jpg,SH
frame_121020.jpg,frame_121024.jpg,SH
frame_121065.jpg,frame_121069.jpg,SH
frame_121155.jpg,frame_121170.jpg,SH
frame_121285.jpg,frame_121290.jpg,SH
frame_121330.jpg,frame_121333.jpg,SH
frame_121375.jpg,frame_121379.jpg,SH
frame_121510.jpg,frame_121513.jpg,SH
frame_121555.jpg,frame_121559.jpg,SH
frame_121823.jpg,frame_121828.jpg,SH
frame_121929.jpg,frame_121930.jpg,SC
frame_122018.jpg,frame_122021.jpg,SC
frame_122108.jpg,frame_122119.jpg,SH
frame_122604.jpg,frame_122608.jpg,SH
frame_122799.jpg,frame_122807.jpg,SH
frame_122995.jpg,frame_122996.jpg,SH
frame_123114.jpg,frame_123116.jpg,SH
frame_123159.jpg,frame_123161.jpg,BR
frame_123197.jpg,frame_123199.jpg,SC
frame_123227.jpg,frame_123231.jpg,SH
frame_123332.jpg,frame_123336.jpg,SH
frame_123377.jpg,frame_123381.jpg,SH
frame_123467.jpg,frame_123470.jpg,SC
frame_123664.jpg,frame_123665.jpg,SC
frame_123753.jpg,frame_123768.jpg,SH
frame_123873.jpg,frame_123877.jpg,SH
frame_123903.jpg,frame_123906.jpg,SH
frame_124023.jpg,frame_124027.jpg,SH
frame_124143.jpg,frame_124158.jpg,SC
frame_124233.jpg,frame_124236.jpg,SC
frame_124278.jpg,frame_124281.jpg,SH
frame_124323.jpg,frame_124327.jpg,SH
frame_124443.jpg,frame_124446.jpg,SH
frame_124533.jpg,frame_124548.jpg,SH
frame_124714.jpg,frame_124718.jpg,SH
frame_124744.jpg,frame_124746.jpg,SH
frame_124779.jpg,frame_124790.jpg,SH
frame_124870.jpg,frame_124871.jpg,SH
frame_124915.jpg,frame_124917.jpg,SH
frame_124931.jpg,frame_124933.jpg,SH
frame_124955.jpg,frame_124956.jpg,SH
frame_124972.jpg,frame_124973.jpg,SH
frame_125001.jpg,frame_125005.jpg,SH
frame_125091.jpg,frame_125094.jpg,SH
frame_125114.jpg,frame_125118.jpg,SH
frame_125189.jpg,frame_125193.jpg,SH
frame_125354.jpg,frame_125358.jpg,SH
frame_125429.jpg,frame_125431.jpg,SH
frame_125550.jpg,frame_125552.jpg,SC
frame_125617.jpg,frame_125621.jpg,SH
frame_125692.jpg,frame_125696.jpg,SH
frame_125753.jpg,frame_125754.jpg,SH
frame_125857.jpg,frame_125861.jpg,SC
frame_125932.jpg,frame_125936.jpg,SH
frame_126129.jpg,frame_126130.jpg,SH
frame_126173.jpg,frame_126175.jpg,SH
frame_126219.jpg,frame_126220.jpg,SH
frame_126264.jpg,frame_126266.jpg,SH
frame_126308.jpg,frame_126310.jpg,SH
frame_126368.jpg,frame_126370.jpg,SH
frame_126458.jpg,frame_126460.jpg,SH
frame_126579.jpg,frame_126593.jpg,SH
frame_126699.jpg,frame_126703.jpg,SH
frame_126849.jpg,frame_126853.jpg,SH
frame_127104.jpg,frame_127108.jpg,SH
frame_127225.jpg,frame_127229.jpg,SH
frame_127285.jpg,frame_127287.jpg,SH
frame_127330.jpg,frame_127334.jpg,SH
frame_127450.jpg,frame_127461.jpg,SH
frame_127630.jpg,frame_127634.jpg,SH
frame_127691.jpg,frame_127692.jpg,SH
frame_127781.jpg,frame_127782.jpg,SC
frame_127870.jpg,frame_127872.jpg,BR
frame_127908.jpg,frame_127911.jpg,SC
frame_127968.jpg,frame_127982.jpg,SH
frame_128229.jpg,frame_128230.jpg,SH
frame_128258.jpg,frame_128260.jpg,SH
frame_128333.jpg,frame_128336.jpg,SH
frame_128573.jpg,frame_128575.jpg,SC
frame_128724.jpg,frame_128734.jpg,SC
frame_128784.jpg,frame_128799.jpg,SH
frame_128934.jpg,frame_128948.jpg,SH
frame_129039.jpg,frame_129043.jpg,SH
frame_129249.jpg,frame_129260.jpg,SC
frame_129343.jpg,frame_129346.jpg,SH
frame_129464.jpg,frame_129465.jpg,SC
frame_129584.jpg,frame_129586.jpg,SC
frame_129659.jpg,frame_129674.jpg,SH
frame_129734.jpg,frame_129737.jpg,SH
frame_129825.jpg,frame_129826.jpg,SH
frame_129960.jpg,frame_129962.jpg,SC
frame_129963.jpg,frame_129964.jpg,SH
frame_129964.jpg,frame_129965.jpg,SH
frame_129965.jpg,frame_129966.jpg,SH
frame_130139.jpg,frame_130142.jpg,SH
frame_130240.jpg,frame_130242.jpg,SH
frame_130436.jpg,frame_130437.jpg,SC
frame_130480.jpg,frame_130483.jpg,SH
frame_130601.jpg,frame_130602.jpg,SH
frame_130722.jpg,frame_130723.jpg,SH
frame_130855.jpg,frame_130857.jpg,BR
frame_130858.jpg,frame_130860.jpg,BR
frame_130901.jpg,frame_130908.jpg,SH
frame_131007.jpg,frame_131008.jpg,SC
frame_131142.jpg,frame_131144.jpg,SH
frame_131246.jpg,frame_131250.jpg,SC
frame_131336.jpg,frame_131344.jpg,SH
frame_131426.jpg,frame_131430.jpg,SH
frame_131592.jpg,frame_131593.jpg,SC
frame_131667.jpg,frame_131668.jpg,SH
frame_131788.jpg,frame_131789.jpg,SC
frame_131893.jpg,frame_131894.jpg,SC
frame_131974.jpg,frame_131975.jpg,BR
frame_131975.jpg,frame_131976.jpg,BR
frame_132044.jpg,frame_132046.jpg,BR
frame_132047.jpg,frame_132048.jpg,BR
frame_132147.jpg,frame_132151.jpg,SC
frame_132207.jpg,frame_132211.jpg,SC
frame_132342.jpg,frame_132346.jpg,SH
frame_132402.jpg,frame_132406.jpg,SC
frame_132477.jpg,frame_132479.jpg,SC
frame_132552.jpg,frame_132556.jpg,SC
frame_132612.jpg,frame_132614.jpg,SC
frame_132702.jpg,frame_132705.jpg,SC
frame_132764.jpg,frame_132765.jpg,SH
frame_132898.jpg,frame_132902.jpg,SC
frame_133018.jpg,frame_133022.jpg,SH
frame_133078.jpg,frame_133083.jpg,SH
frame_133168.jpg,frame_133170.jpg,SC
frame_133228.jpg,frame_133230.jpg,SC
frame_133288.jpg,frame_133290.jpg,SC
frame_133363.jpg,frame_133367.jpg,SC
frame_133408.jpg,frame_133412.jpg,SC
frame_133473.jpg,frame_133477.jpg,SH
frame_133533.jpg,frame_133535.jpg,SC
frame_133594.jpg,frame_133596.jpg,SC
frame_133699.jpg,frame_133707.jpg,SC
frame_133790.jpg,frame_133791.jpg,SH
frame_133849.jpg,frame_133854.jpg,SH
frame_133954.jpg,frame_133956.jpg,SH
frame_134105.jpg,frame_134106.jpg,SH
frame_134179.jpg,frame_134183.jpg,SH
frame_134419.jpg,frame_134421.jpg,SH
frame_134479.jpg,frame_134482.jpg,SH
frame_134690.jpg,frame_134696.jpg,SH
frame_134747.jpg,frame_134749.jpg,BR
frame_134749.jpg,frame_134752.jpg,BR
frame_134931.jpg,frame_134932.jpg,SH
frame_135065.jpg,frame_135069.jpg,SH
frame_135186.jpg,frame_135187.jpg,SC
frame_135230.jpg,frame_135233.jpg,SH
frame_135275.jpg,frame_135277.jpg,SH
frame_135301.jpg,frame_135302.jpg,SH
frame_135302.jpg,frame_135305.jpg,SH
frame_135390.jpg,frame_135392.jpg,SH
frame_135480.jpg,frame_135483.jpg,SH
frame_135615.jpg,frame_135617.jpg,SH
frame_135766.jpg,frame_135768.jpg,SC
frame_135827.jpg,frame_135828.jpg,SH
frame_136007.jpg,frame_136008.jpg,SH
frame_136141.jpg,frame_136145.jpg,SH
frame_136276.jpg,frame_136280.jpg,SH
frame_136396.jpg,frame_136400.jpg,SH
frame_136531.jpg,frame_136533.jpg,SH
frame_136591.jpg,frame_136593.jpg,SC
frame_136683.jpg,frame_136684.jpg,SC
frame_136787.jpg,frame_136790.jpg,SH
frame_136862.jpg,frame_136866.jpg,SH
frame_136952.jpg,frame_136954.jpg,SC
frame_137072.jpg,frame_137075.jpg,BR
frame_137075.jpg,frame_137077.jpg,BR
frame_137102.jpg,frame_137106.jpg,SH
frame_137147.jpg,frame_137151.jpg,SH
frame_137207.jpg,frame_137211.jpg,SH
frame_137237.jpg,frame_137241.jpg,SH
frame_137282.jpg,frame_137286.jpg,SH
frame_137312.jpg,frame_137314.jpg,SH
frame_137366.jpg,frame_137367.jpg,SH
frame_137387.jpg,frame_137389.jpg,SH
frame_137521.jpg,frame_137522.jpg,SC
frame_137551.jpg,frame_137552.jpg,SH
frame_137581.jpg,frame_137582.jpg,SH
frame_137626.jpg,frame_137627.jpg,SH
frame_137761.jpg,frame_137762.jpg,SH
frame_137835.jpg,frame_137837.jpg,SC
frame_138075.jpg,frame_138080.jpg,SC
frame_138136.jpg,frame_138139.jpg,SH
frame_138302.jpg,frame_138303.jpg,SH
frame_138542.jpg,frame_138543.jpg,SH
frame_138632.jpg,frame_138633.jpg,SC
frame_138739.jpg,frame_138741.jpg,SC
frame_139009.jpg,frame_139010.jpg,SH
frame_139084.jpg,frame_139085.jpg,SH
frame_139204.jpg,frame_139205.jpg,SH
frame_139324.jpg,frame_139325.jpg,SH
frame_139398.jpg,frame_139400.jpg,SH
frame_139444.jpg,frame_139446.jpg,SH
frame_139528.jpg,frame_139529.jpg,SH
frame_139572.jpg,frame_139575.jpg,SH
frame_139682.jpg,frame_139692.jpg,SH
frame_139822.jpg,frame_139824.jpg,SH
frame_139846.jpg,frame_139847.jpg,SH
frame_139868.jpg,frame_139869.jpg,SH
frame_139891.jpg,frame_139892.jpg,SH
frame_140003.jpg,frame_140004.jpg,SH
frame_140062.jpg,frame_140066.jpg,SH
frame_140145.jpg,frame_140148.jpg,SH
frame_140252.jpg,frame_140254.jpg,SH
frame_140330.jpg,frame_140333.jpg,SH
frame_140375.jpg,frame_140377.jpg,SH
frame_140435.jpg,frame_140437.jpg,SH
frame_140455.jpg,frame_140457.jpg,BR
frame_140481.jpg,frame_140482.jpg,SH
frame_140518.jpg,frame_140520.jpg,BR
frame_140540.jpg,frame_140544.jpg,SH
frame_140585.jpg,frame_140587.jpg,SH
frame_140733.jpg,frame_140738.jpg,SH
frame_140880.jpg,frame_140882.jpg,SH
frame_140983.jpg,frame_140987.jpg,SH
frame_141103.jpg,frame_141107.jpg,SH
frame_141509.jpg,frame_141512.jpg,SH
frame_141884.jpg,frame_141888.jpg,SH
frame_142057.jpg,frame_142061.jpg,SH
frame_142207.jpg,frame_142211.jpg,SH
frame_142552.jpg,frame_142556.jpg,SH
frame_142642.jpg,frame_142650.jpg,SH
frame_142673.jpg,frame_142676.jpg,SH
frame_142718.jpg,frame_142720.jpg,SH
frame_142748.jpg,frame_142752.jpg,SH
frame_143146.jpg,frame_143161.jpg,SH
frame_143236.jpg,frame_143238.jpg,SH
frame_143311.jpg,frame_143315.jpg,SH
frame_143552.jpg,frame_143553.jpg,SH
frame_143611.jpg,frame_143615.jpg,SH
frame_143686.jpg,frame_143694.jpg,SH
frame_143761.jpg,frame_143776.jpg,SH
frame_144020.jpg,frame_144024.jpg,SH
frame_144156.jpg,frame_144159.jpg,SH
frame_144201.jpg,frame_144203.jpg,SH
frame_144336.jpg,frame_144339.jpg,SH
frame_144486.jpg,frame_144490.jpg,SH
frame_144607.jpg,frame_144608.jpg,SH
frame_144802.jpg,frame_144804.jpg,SH
frame_144947.jpg,frame_144951.jpg,SH
frame_145011.jpg,frame_145026.jpg,SH
frame_145162.jpg,frame_145177.jpg,SH
frame_145295.jpg,frame_145310.jpg,SH
frame_145520.jpg,frame_145523.jpg,SH
frame_145606.jpg,frame_145609.jpg,SH
frame_145726.jpg,frame_145729.jpg,SH
frame_145771.jpg,frame_145773.jpg,SH
frame_145841.jpg,frame_145844.jpg,SH
frame_145886.jpg,frame_145888.jpg,SH
frame_145888.jpg,frame_145890.jpg,SH
frame_145953.jpg,frame_145968.jpg,SH
frame_146162.jpg,frame_146163.jpg,SH
frame_146453.jpg,frame_146457.jpg,SH
frame_146648.jpg,frame_146663.jpg,SH
frame_146871.jpg,frame_146886.jpg,SH
frame_146991.jpg,frame_147006.jpg,SH
frame_147103.jpg,frame_147107.jpg,SH
frame_147281.jpg,frame_147286.jpg,SH
frame_147314.jpg,frame_147318.jpg,SH
frame_147351.jpg,frame_147355.jpg,SH
frame_147385.jpg,frame_147388.jpg,SH
frame_147542.jpg,frame_147544.jpg,SH
frame_147648.jpg,frame_147652.jpg,SH
frame_147694.jpg,frame_147695.jpg,SH
frame_148551.jpg,frame_148553.jpg,SH
frame_148582.jpg,frame_148583.jpg,SH
frame_148984.jpg,frame_148985.jpg,SH
frame_149108.jpg,frame_149110.jpg,SH
frame_149270.jpg,frame_149271.jpg,SH
frame_149435.jpg,frame_149436.jpg,SC
frame_149549.jpg,frame_149553.jpg,SH
frame_149609.jpg,frame_149613.jpg,SC
frame_149655.jpg,frame_149656.jpg,SC
frame_149745.jpg,frame_149760.jpg,SC
frame_149805.jpg,frame_149820.jpg,SH
frame_149900.jpg,frame_149901.jpg,SH
frame_149956.jpg,frame_149957.jpg,SH
frame_150060.jpg,frame_150075.jpg,BR
frame_150075.jpg,frame_150079.jpg,SH
frame_150124.jpg,frame_150128.jpg,SH
frame_150154.jpg,frame_150158.jpg,SH
frame_150294.jpg,frame_150297.jpg,SH
frame_150369.jpg,frame_150371.jpg,SH
frame_150444.jpg,frame_150459.jpg,SC
frame_150504.jpg,frame_150507.jpg,SC
frame_150549.jpg,frame_150551.jpg,SH
frame_150686.jpg,frame_150687.jpg,SH
frame_150730.jpg,frame_150733.jpg,SH
frame_150791.jpg,frame_150792.jpg,SH
frame_150820.jpg,frame_150835.jpg,SC
frame_150880.jpg,frame_150884.jpg,SC
frame_150971.jpg,frame_150972.jpg,SC
frame_150972.jpg,frame_150973.jpg,BR
frame_150987.jpg,frame_150988.jpg,BR
frame_151003.jpg,frame_151005.jpg,BR
frame_151008.jpg,frame_151009.jpg,BR
frame_151031.jpg,frame_151032.jpg,BR
frame_151032.jpg,frame_151033.jpg,BR
frame_151036.jpg,frame_151037.jpg,BR
frame_151046.jpg,frame_151047.jpg,SH
frame_151165.jpg,frame_151169.jpg,SH
frame_151315.jpg,frame_151319.jpg,SC
frame_151375.jpg,frame_151378.jpg,SH
frame_151421.jpg,frame_151422.jpg,SC
frame_151594.jpg,frame_151595.jpg,SH
frame_151660.jpg,frame_151667.jpg,SC
frame_151690.jpg,frame_151705.jpg,SC
frame_151767.jpg,frame_151768.jpg,SH
frame_151857.jpg,frame_151858.jpg,SC
frame_151932.jpg,frame_151933.jpg,SH
frame_151991.jpg,frame_151994.jpg,SC
frame_152094.jpg,frame_152096.jpg,BR
frame_152111.jpg,frame_152114.jpg,SC
frame_152186.jpg,frame_152190.jpg,SC
frame_152231.jpg,frame_152238.jpg,SC
frame_152261.jpg,frame_152265.jpg,SC
frame_152291.jpg,frame_152295.jpg,SC
frame_152322.jpg,frame_152323.jpg,SC
frame_152461.jpg,frame_152463.jpg,SH
frame_152757.jpg,frame_152761.jpg,SC
frame_152832.jpg,frame_152836.jpg,SH
frame_152938.jpg,frame_152939.jpg,SC
frame_153147.jpg,frame_153151.jpg,SC
frame_153312.jpg,frame_153316.jpg,SC
frame_153447.jpg,frame_153462.jpg,SC
frame_153568.jpg,frame_153569.jpg,SC
frame_153778.jpg,frame_153788.jpg,SC
frame_153853.jpg,frame_153868.jpg,SC
frame_153928.jpg,frame_153932.jpg,SC
frame_154033.jpg,frame_154037.jpg,SC
frame_154123.jpg,frame_154138.jpg,SC
frame_154199.jpg,frame_154200.jpg,SC
frame_154244.jpg,frame_154246.jpg,SH
frame_154392.jpg,frame_154393.jpg,SH
frame_154481.jpg,frame_154493.jpg,SC
frame_154528.jpg,frame_154532.jpg,SC
frame_154709.jpg,frame_154711.jpg,SH
frame_154829.jpg,frame_154833.jpg,SH
frame_154934.jpg,frame_154936.jpg,SH
frame_154959.jpg,frame_154961.jpg,SH
frame_155020.jpg,frame_155021.jpg,SH
frame_155169.jpg,frame_155171.jpg,SH
frame_155244.jpg,frame_155247.jpg,SH
frame_155290.jpg,frame_155292.jpg,SH
frame_155350.jpg,frame_155352.jpg,SH
frame_155515.jpg,frame_155530.jpg,SH
frame_155604.jpg,frame_155608.jpg,SH
frame_155682.jpg,frame_155686.jpg,SH
frame_155832.jpg,frame_155834.jpg,SC
frame_155893.jpg,frame_155896.jpg,SH
frame_156011.jpg,frame_156013.jpg,SH
frame_156132.jpg,frame_156147.jpg,SC
frame_156175.jpg,frame_156179.jpg,SC
frame_156250.jpg,frame_156265.jpg,SH
frame_156415.jpg,frame_156419.jpg,SH
frame_156490.jpg,frame_156498.jpg,SH
frame_156640.jpg,frame_156645.jpg,SH
frame_156717.jpg,frame_156718.jpg,SC
frame_156941.jpg,frame_156950.jpg,SC
frame_157031.jpg,frame_157033.jpg,SH
frame_157076.jpg,frame_157079.jpg,SC
frame_157167.jpg,frame_157169.jpg,SC
frame_157227.jpg,frame_157228.jpg,SH
frame_157347.jpg,frame_157349.jpg,SH
frame_157406.jpg,frame_157410.jpg,SH
frame_157526.jpg,frame_157541.jpg,SC
frame_157601.jpg,frame_157605.jpg,SH
frame_157676.jpg,frame_157680.jpg,SC
frame_157754.jpg,frame_157769.jpg,SC
frame_157844.jpg,frame_157848.jpg,SC
frame_157935.jpg,frame_157937.jpg,SC
frame_157980.jpg,frame_157982.jpg,SH
frame_158039.jpg,frame_158042.jpg,SH
frame_158129.jpg,frame_158132.jpg,SH
frame_158221.jpg,frame_158224.jpg,SH
frame_158266.jpg,frame_158269.jpg,SH
frame_158311.jpg,frame_158315.jpg,SH
frame_158548.jpg,frame_158553.jpg,SH
frame_158654.jpg,frame_158660.jpg,SH
frame_158730.jpg,frame_158731.jpg,SC
frame_158849.jpg,frame_158860.jpg,SC
frame_158909.jpg,frame_158913.jpg,SC
frame_158999.jpg,frame_159002.jpg,SC
frame_159059.jpg,frame_159064.jpg,SC
frame_159120.jpg,frame_159121.jpg,SC
frame_159164.jpg,frame_159179.jpg,SC
frame_159224.jpg,frame_159228.jpg,SC
frame_159269.jpg,frame_159275.jpg,SC
frame_159299.jpg,frame_159303.jpg,SC
frame_159374.jpg,frame_159389.jpg,SC
frame_159419.jpg,frame_159421.jpg,SC
frame_159479.jpg,frame_159494.jpg,SC
frame_159539.jpg,frame_159541.jpg,SC
frame_159614.jpg,frame_159626.jpg,SC
frame_159690.jpg,frame_159694.jpg,SH
frame_159780.jpg,frame_159783.jpg,SC
frame_159840.jpg,frame_159843.jpg,SC
frame_159900.jpg,frame_159902.jpg,SC
frame_159961.jpg,frame_159962.jpg,SH
frame_160585.jpg,frame_160587.jpg,SC
frame_160645.jpg,frame_160656.jpg,SH
frame_160767.jpg,frame_160768.jpg,SC
frame_160878.jpg,frame_160893.jpg,SC
frame_161012.jpg,frame_161015.jpg,SH
frame_161166.jpg,frame_161167.jpg,SH
frame_161286.jpg,frame_161288.jpg,SH
frame_161370.jpg,frame_161371.jpg,SH
frame_161416.jpg,frame_161418.jpg,SH
frame_161464.jpg,frame_161469.jpg,SH
frame_161490.jpg,frame_161492.jpg,SH
frame_161519.jpg,frame_161521.jpg,SH
frame_161656.jpg,frame_161671.jpg,SH
frame_161733.jpg,frame_161734.jpg,SH
frame_162122.jpg,frame_162125.jpg,SH
frame_162326.jpg,frame_162327.jpg,SH
frame_162557.jpg,frame_162561.jpg,SH
frame_162647.jpg,frame_162649.jpg,SH
frame_163042.jpg,frame_163044.jpg,SH
frame_163236.jpg,frame_163240.jpg,SH
frame_163271.jpg,frame_163273.jpg,SH
frame_163306.jpg,frame_163307.jpg,SH
frame_163362.jpg,frame_163364.jpg,SH
frame_163556.jpg,frame_163558.jpg,SC
frame_163622.jpg,frame_163625.jpg,SH
frame_163690.jpg,frame_163694.jpg,SH
frame_163855.jpg,frame_163859.jpg,SH
frame_163961.jpg,frame_163962.jpg,SC
frame_163997.jpg,frame_163998.jpg,SH
frame_164141.jpg,frame_164143.jpg,SC
frame_164308.jpg,frame_164309.jpg,SC
frame_165127.jpg,frame_165129.jpg,SC
frame_165405.jpg,frame_165406.jpg,SC
frame_165477.jpg,frame_165478.jpg,BR
frame_165488.jpg,frame_165490.jpg,BR
frame_165544.jpg,frame_165547.jpg,SC
frame_165696.jpg,frame_165697.jpg,SC
frame_165786.jpg,frame_165787.jpg,SC
frame_165943.jpg,frame_165945.jpg,SC
frame_166017.jpg,frame_166019.jpg,SC
frame_166408.jpg,frame_166423.jpg,BR
frame_166499.jpg,frame_166500.jpg,SC
frame_166618.jpg,frame_166633.jpg,SH
frame_166858.jpg,frame_166873.jpg,SH
frame_166918.jpg,frame_166933.jpg,SH
frame_166978.jpg,frame_167157.jpg,BR
frame_167158.jpg,frame_167159.jpg,BR
frame_167218.jpg,frame_167219.jpg,SH
frame_167323.jpg,frame_167324.jpg,SH
frame_167442.jpg,frame_167444.jpg,SC
frame_167518.jpg,frame_167519.jpg,SC
frame_167592.jpg,frame_167594.jpg,SC
frame_167615.jpg,frame_167617.jpg,SC
frame_167631.jpg,frame_167632.jpg,SH
frame_167690.jpg,frame_167693.jpg,BR
frame_167694.jpg,frame_167697.jpg,BR
frame_167735.jpg,frame_167738.jpg,SC
frame_167810.jpg,frame_167825.jpg,SH
frame_167886.jpg,frame_167887.jpg,SH
frame_168035.jpg,frame_168037.jpg,SC
frame_168171.jpg,frame_168186.jpg,SC
frame_168321.jpg,frame_168336.jpg,SC
frame_168366.jpg,frame_168370.jpg,SC
frame_168411.jpg,frame_168414.jpg,SC
frame_168471.jpg,frame_168486.jpg,SC
frame_168516.jpg,frame_168519.jpg,SH
frame_168561.jpg,frame_168565.jpg,SH
frame_168696.jpg,frame_168699.jpg,SC
frame_168786.jpg,frame_168801.jpg,SC
frame_168846.jpg,frame_168850.jpg,SH
frame_168906.jpg,frame_168910.jpg,SH
frame_168951.jpg,frame_168955.jpg,SH
frame_168996.jpg,frame_168999.jpg,SH
frame_169026.jpg,frame_169030.jpg,SH
frame_169071.jpg,frame_169074.jpg,SH
frame_169131.jpg,frame_169136.jpg,SH
frame_169199.jpg,frame_169202.jpg,SH
frame_169304.jpg,frame_169308.jpg,SH
frame_169424.jpg,frame_169427.jpg,SC
frame_169523.jpg,frame_169524.jpg,SC
frame_169702.jpg,frame_169706.jpg,SH
frame_169770.jpg,frame_169772.jpg,SH
frame_170041.jpg,frame_170042.jpg,SC
frame_170236.jpg,frame_170237.jpg,SC
frame_170386.jpg,frame_170387.jpg,SC
frame_170490.jpg,frame_170492.jpg,SH
frame_170580.jpg,frame_170582.jpg,SC
frame_170732.jpg,frame_170733.jpg,SH
frame_170822.jpg,frame_170823.jpg,SH
frame_170957.jpg,frame_170959.jpg,SH
frame_171077.jpg,frame_171078.jpg,SC
frame_171227.jpg,frame_171228.jpg,SC
frame_171406.jpg,frame_171421.jpg,SC
frame_171654.jpg,frame_171669.jpg,SC
frame_171753.jpg,frame_171754.jpg,SC
frame_171873.jpg,frame_171874.jpg,SC
frame_171970.jpg,frame_171971.jpg,SH
frame_172059.jpg,frame_172061.jpg,SC
frame_172119.jpg,frame_172123.jpg,SC
frame_172209.jpg,frame_172211.jpg,SC
frame_172270.jpg,frame_172285.jpg,SC
frame_172311.jpg,frame_172319.jpg,SC
frame_172355.jpg,frame_172370.jpg,SC
frame_172397.jpg,frame_172412.jpg,SC
frame_172487.jpg,frame_172489.jpg,SC
frame_172592.jpg,frame_172594.jpg,SH
frame_172789.jpg,frame_172790.jpg,SC
frame_172893.jpg,frame_172899.jpg,SC
frame_173013.jpg,frame_173028.jpg,SC
frame_173088.jpg,frame_173092.jpg,SH
frame_173149.jpg,frame_173150.jpg,SH
frame_173193.jpg,frame_173197.jpg,SH
frame_173433.jpg,frame_173444.jpg,SC
frame_173543.jpg,frame_173545.jpg,SC
frame_173750.jpg,frame_173751.jpg,SC
frame_173825.jpg,frame_173826.jpg,SC
frame_173930.jpg,frame_173931.jpg,SH
frame_174240.jpg,frame_174242.jpg,SH
frame_174286.jpg,frame_174290.jpg,SH
frame_174459.jpg,frame_174460.jpg,SH
frame_174563.jpg,frame_174567.jpg,SH
frame_174654.jpg,frame_174656.jpg,SC
frame_174820.jpg,frame_174821.jpg,SH
frame_174895.jpg,frame_174896.jpg,SH
frame_174955.jpg,frame_174956.jpg,SH
frame_175045.jpg,frame_175046.jpg,SH
frame_175065.jpg,frame_175066.jpg,SH
frame_175095.jpg,frame_175096.jpg,SH
frame_175214.jpg,frame_175217.jpg,SH
frame_175290.jpg,frame_175291.jpg,SH
frame_175379.jpg,frame_175382.jpg,SH
frame_175499.jpg,frame_175502.jpg,SH
frame_175574.jpg,frame_175577.jpg,SH
frame_175635.jpg,frame_175637.jpg,SH
frame_175860.jpg,frame_175875.jpg,SC
frame_175965.jpg,frame_175969.jpg,SC
frame_176025.jpg,frame_176029.jpg,SH
frame_176070.jpg,frame_176074.jpg,SH
frame_176161.jpg,frame_176163.jpg,SH
frame_176236.jpg,frame_176237.jpg,SH
frame_176371.jpg,frame_176373.jpg,SC
frame_176446.jpg,frame_176447.jpg,SC
frame_176589.jpg,frame_176591.jpg,SC
frame_176653.jpg,frame_176655.jpg,SC
frame_176689.jpg,frame_176690.jpg,SC
frame_176723.jpg,frame_176725.jpg,SC
frame_176762.jpg,frame_176763.jpg,SC
frame_176822.jpg,frame_176823.jpg,SC
frame_177102.jpg,frame_177103.jpg,SC
frame_177144.jpg,frame_177148.jpg,SC
frame_177187.jpg,frame_177190.jpg,SC
frame_177229.jpg,frame_177232.jpg,SC
frame_177270.jpg,frame_177274.jpg,SC
frame_177312.jpg,frame_177316.jpg,SC
frame_177355.jpg,frame_177359.jpg,SC
frame_177396.jpg,frame_177400.jpg,SC
frame_177440.jpg,frame_177441.jpg,SC
frame_177541.jpg,frame_177629.jpg,BR
frame_177630.jpg,frame_177631.jpg,BR
frame_177788.jpg,frame_177789.jpg,SC
frame_177904.jpg,frame_177905.jpg,SC
frame_177985.jpg,frame_177987.jpg,SC
frame_178045.jpg,frame_178047.jpg,SC
frame_178089.jpg,frame_178090.jpg,SC
frame_178134.jpg,frame_178135.jpg,SC
frame_178304.jpg,frame_178305.jpg,SC
frame_178387.jpg,frame_178388.jpg,SC
frame_178469.jpg,frame_178470.jpg,SC
frame_178529.jpg,frame_178530.jpg,SC
frame_178589.jpg,frame_178590.jpg,SC
frame_178694.jpg,frame_178695.jpg,SH
frame_178786.jpg,frame_178787.jpg,SH
frame_178906.jpg,frame_178907.jpg,SH
frame_179030.jpg,frame_179032.jpg,SC
frame_179084.jpg,frame_179086.jpg,SC
frame_179136.jpg,frame_179138.jpg,SC
frame_179195.jpg,frame_179197.jpg,SC
frame_179241.jpg,frame_179243.jpg,SC
frame_179332.jpg,frame_179334.jpg,SC
frame_179421.jpg,frame_179423.jpg,SC
frame_179509.jpg,frame_179512.jpg,SC
frame_179584.jpg,frame_179587.jpg,SC
frame_179609.jpg,frame_179612.jpg,SC
frame_179634.jpg,frame_179649.jpg,SC
frame_179649.jpg,frame_179664.jpg,SC
frame_179664.jpg,frame_179679.jpg,SC
frame_179680.jpg,frame_179687.jpg,SC
frame_179695.jpg,frame_179710.jpg,SC
frame_179711.jpg,frame_179713.jpg,SC
frame_179756.jpg,frame_179757.jpg,SC
frame_179787.jpg,frame_179790.jpg,SH
frame_180027.jpg,frame_180029.jpg,SH
frame_180086.jpg,frame_180101.jpg,SH
frame_180191.jpg,frame_180195.jpg,SH
frame_180308.jpg,frame_180310.jpg,SH
frame_180453.jpg,frame_180455.jpg,SH
frame_180529.jpg,frame_180533.jpg,SH
frame_180805.jpg,frame_180809.jpg,SH
frame_180853.jpg,frame_180855.jpg,SH
frame_180875.jpg,frame_180890.jpg,SH
frame_181120.jpg,frame_181123.jpg,SH
frame_181330.jpg,frame_181333.jpg,SH
frame_181404.jpg,frame_181405.jpg,SH
frame_182231.jpg,frame_182589.jpg,BR
frame_191842.jpg,frame_191857.jpg,BR
